<?xml version="1.0" encoding="utf-8"?>
<odoo>
    <data noupdate="0">
        <record id="base.af" model="res.country">
            <field name="code_dian">013</field>
        </record>
        <record id="base.al" model="res.country">
            <field name="code_dian">017</field>
        </record>
        <record id="base.de" model="res.country">
            <field name="code_dian">023</field>
        </record>
        <record id="base.am" model="res.country">
            <field name="code_dian">026</field>
        </record>
        <record id="base.aw" model="res.country">
            <field name="code_dian">027</field>
        </record>
        <record id="base.ba" model="res.country">
            <field name="code_dian">029</field>
        </record>
        <record id="base.bf" model="res.country">
            <field name="code_dian">031</field>
        </record>
        <record id="base.ad" model="res.country">
            <field name="code_dian">037</field>
        </record>
        <record id="base.ao" model="res.country">
            <field name="code_dian">040</field>
        </record>
        <record id="base.ai" model="res.country">
            <field name="code_dian">041</field>
        </record>
        <record id="base.ag" model="res.country">
            <field name="code_dian">043</field>
        </record>
        <!--<record id="base.an" model="res.country">-->
            <!--<field name="code_dian">047</field>-->
        <!--</record>-->
        <record id="base.sa" model="res.country">
            <field name="code_dian">053</field>
        </record>
        <record id="base.dz" model="res.country">
            <field name="code_dian">059</field>
        </record>
        <record id="base.ar" model="res.country">
            <field name="code_dian">063</field>
        </record>
        <record id="base.au" model="res.country">
            <field name="code_dian">069</field>
        </record>
        <record id="base.at" model="res.country">
            <field name="code_dian">072</field>
        </record>
        <record id="base.az" model="res.country">
            <field name="code_dian">074</field>
        </record>
        <record id="base.bs" model="res.country">
            <field name="code_dian">077</field>
        </record>
        <record id="base.bh" model="res.country">
            <field name="code_dian">080</field>
        </record>
        <record id="base.bd" model="res.country">
            <field name="code_dian">081</field>
        </record>
        <record id="base.bb" model="res.country">
            <field name="code_dian">083</field>
        </record>
        <record id="base.be" model="res.country">
            <field name="code_dian">087</field>
        </record>
        <record id="base.bz" model="res.country">
            <field name="code_dian">088</field>
        </record>
        <record id="base.bm" model="res.country">
            <field name="code_dian">090</field>
        </record>
        <record id="base.by" model="res.country">
            <field name="code_dian">091</field>
        </record>
        <record id="base.mm" model="res.country">
            <field name="code_dian">093</field>
        </record>
        <record id="base.bo" model="res.country">
            <field name="code_dian">097</field>
        </record>
        <record id="base.bw" model="res.country">
            <field name="code_dian">101</field>
        </record>
        <record id="base.br" model="res.country">
            <field name="code_dian">105</field>
        </record>
        <record id="base.bn" model="res.country">
            <field name="code_dian">108</field>
        </record>
        <record id="base.bg" model="res.country">
            <field name="code_dian">111</field>
        </record>
        <record id="base.bi" model="res.country">
            <field name="code_dian">115</field>
        </record>
        <record id="base.bt" model="res.country">
            <field name="code_dian">119</field>
        </record>
        <record id="base.cv" model="res.country">
            <field name="code_dian">127</field>
        </record>
        <record id="base.ky" model="res.country">
            <field name="code_dian">137</field>
        </record>
        <record id="base.kh" model="res.country">
            <field name="code_dian">141</field>
        </record>
        <record id="base.cm" model="res.country">
            <field name="code_dian">145</field>
        </record>
        <record id="base.ca" model="res.country">
            <field name="code_dian">149</field>
        </record>
        <record id="base.va" model="res.country">
            <field name="code_dian">159</field>
        </record>
        <record id="base.cc" model="res.country">
            <field name="code_dian">165</field>
        </record>
        <record id="base.co" model="res.country">
            <field name="code_dian">169</field>
        </record>
        <record id="base.km" model="res.country">
            <field name="code_dian">173</field>
        </record>
        <record id="base.cg" model="res.country">
            <field name="code_dian">177</field>
        </record>
        <record id="base.ck" model="res.country">
            <field name="code_dian">183</field>
        </record>
        <record id="base.kp" model="res.country">
            <field name="code_dian">187</field>
        </record>
        <record id="base.kr" model="res.country">
            <field name="code_dian">190</field>
        </record>
        <record id="base.ci" model="res.country">
            <field name="code_dian">193</field>
        </record>
        <record id="base.cr" model="res.country">
            <field name="code_dian">196</field>
        </record>
        <record id="base.hr" model="res.country">
            <field name="code_dian">198</field>
        </record>
        <record id="base.cu" model="res.country">
            <field name="code_dian">199</field>
        </record>
        <record id="base.td" model="res.country">
            <field name="code_dian">203</field>
        </record>
        <record id="base.cl" model="res.country">
            <field name="code_dian">211</field>
        </record>
        <record id="base.cn" model="res.country">
            <field name="code_dian">215</field>
        </record>
        <record id="base.tw" model="res.country">
            <field name="code_dian">218</field>
        </record>
        <record id="base.cy" model="res.country">
            <field name="code_dian">221</field>
        </record>
        <record id="base.bj" model="res.country">
            <field name="code_dian">229</field>
        </record>
        <record id="base.dk" model="res.country">
            <field name="code_dian">232</field>
        </record>
        <record id="base.dm" model="res.country">
            <field name="code_dian">235</field>
        </record>
        <record id="base.ec" model="res.country">
            <field name="code_dian">239</field>
        </record>
        <record id="base.eg" model="res.country">
            <field name="code_dian">240</field>
        </record>
        <record id="base.sv" model="res.country">
            <field name="code_dian">242</field>
        </record>
        <record id="base.er" model="res.country">
            <field name="code_dian">243</field>
        </record>
        <record id="base.ae" model="res.country">
            <field name="code_dian">244</field>
        </record>
        <record id="base.es" model="res.country">
            <field name="code_dian">245</field>
        </record>
        <record id="base.sk" model="res.country">
            <field name="code_dian">246</field>
        </record>
        <record id="base.si" model="res.country">
            <field name="code_dian">247</field>
        </record>
        <record id="base.us" model="res.country">
            <field name="code_dian">249</field>
        </record>
        <record id="base.ee" model="res.country">
            <field name="code_dian">251</field>
        </record>
        <record id="base.et" model="res.country">
            <field name="code_dian">253</field>
        </record>
        <record id="base.fo" model="res.country">
            <field name="code_dian">259</field>
        </record>
        <record id="base.ph" model="res.country">
            <field name="code_dian">267</field>
        </record>
        <record id="base.fi" model="res.country">
            <field name="code_dian">271</field>
        </record>
        <record id="base.fr" model="res.country">
            <field name="code_dian">275</field>
        </record>
        <record id="base.ga" model="res.country">
            <field name="code_dian">281</field>
        </record>
        <record id="base.gm" model="res.country">
            <field name="code_dian">285</field>
        </record>
        <record id="base.ge" model="res.country">
            <field name="code_dian">287</field>
        </record>
        <record id="base.gh" model="res.country">
            <field name="code_dian">289</field>
        </record>
        <record id="base.gi" model="res.country">
            <field name="code_dian">293</field>
        </record>
        <record id="base.gd" model="res.country">
            <field name="code_dian">297</field>
        </record>
        <record id="base.gr" model="res.country">
            <field name="code_dian">301</field>
        </record>
        <record id="base.gl" model="res.country">
            <field name="code_dian">305</field>
        </record>
        <record id="base.gp" model="res.country">
            <field name="code_dian">309</field>
        </record>
        <record id="base.gu" model="res.country">
            <field name="code_dian">313</field>
        </record>
        <record id="base.gt" model="res.country">
            <field name="code_dian">317</field>
        </record>
        <record id="base.gf" model="res.country">
            <field name="code_dian">325</field>
        </record>
        <record id="base.gn" model="res.country">
            <field name="code_dian">329</field>
        </record>
        <record id="base.gq" model="res.country">
            <field name="code_dian">331</field>
        </record>
        <record id="base.gw" model="res.country">
            <field name="code_dian">334</field>
        </record>
        <record id="base.gy" model="res.country">
            <field name="code_dian">337</field>
        </record>
        <record id="base.ht" model="res.country">
            <field name="code_dian">341</field>
        </record>
        <record id="base.hn" model="res.country">
            <field name="code_dian">345</field>
        </record>
        <record id="base.hk" model="res.country">
            <field name="code_dian">351</field>
        </record>
        <record id="base.hu" model="res.country">
            <field name="code_dian">355</field>
        </record>
        <record id="base.in" model="res.country">
            <field name="code_dian">361</field>
        </record>
        <record id="base.id" model="res.country">
            <field name="code_dian">365</field>
        </record>
        <record id="base.iq" model="res.country">
            <field name="code_dian">369</field>
        </record>
        <record id="base.ir" model="res.country">
            <field name="code_dian">372</field>
        </record>
        <record id="base.ie" model="res.country">
            <field name="code_dian">375</field>
        </record>
        <record id="base.is" model="res.country">
            <field name="code_dian">379</field>
        </record>
        <record id="base.il" model="res.country">
            <field name="code_dian">383</field>
        </record>
        <record id="base.it" model="res.country">
            <field name="code_dian">386</field>
        </record>
        <record id="base.jm" model="res.country">
            <field name="code_dian">391</field>
        </record>
        <record id="base.jp" model="res.country">
            <field name="code_dian">399</field>
        </record>
        <record id="base.jo" model="res.country">
            <field name="code_dian">403</field>
        </record>
        <record id="base.kz" model="res.country">
            <field name="code_dian">406</field>
        </record>
        <record id="base.ke" model="res.country">
            <field name="code_dian">410</field>
        </record>
        <record id="base.ki" model="res.country">
            <field name="code_dian">411</field>
        </record>
        <record id="base.kg" model="res.country">
            <field name="code_dian">412</field>
        </record>
        <record id="base.kw" model="res.country">
            <field name="code_dian">413</field>
        </record>
        <record id="base.la" model="res.country">
            <field name="code_dian">420</field>
        </record>
        <record id="base.ls" model="res.country">
            <field name="code_dian">426</field>
        </record>
        <record id="base.lv" model="res.country">
            <field name="code_dian">429</field>
        </record>
        <record id="base.lb" model="res.country">
            <field name="code_dian">431</field>
        </record>
        <record id="base.lr" model="res.country">
            <field name="code_dian">434</field>
        </record>
        <record id="base.ly" model="res.country">
            <field name="code_dian">438</field>
        </record>
        <record id="base.li" model="res.country">
            <field name="code_dian">440</field>
        </record>
        <record id="base.lt" model="res.country">
            <field name="code_dian">443</field>
        </record>
        <record id="base.lu" model="res.country">
            <field name="code_dian">445</field>
        </record>
        <record id="base.mo" model="res.country">
            <field name="code_dian">447</field>
        </record>
        <record id="base.mk" model="res.country">
            <field name="code_dian">448</field>
        </record>
        <record id="base.mg" model="res.country">
            <field name="code_dian">450</field>
        </record>
        <record id="base.my" model="res.country">
            <field name="code_dian">455</field>
        </record>
        <record id="base.mw" model="res.country">
            <field name="code_dian">458</field>
        </record>
        <record id="base.mv" model="res.country">
            <field name="code_dian">461</field>
        </record>
        <record id="base.ml" model="res.country">
            <field name="code_dian">464</field>
        </record>
        <record id="base.mt" model="res.country">
            <field name="code_dian">467</field>
        </record>
        <record id="base.mp" model="res.country">
            <field name="code_dian">469</field>
        </record>
        <record id="base.mh" model="res.country">
            <field name="code_dian">472</field>
        </record>
        <record id="base.ma" model="res.country">
            <field name="code_dian">474</field>
        </record>
        <record id="base.mq" model="res.country">
            <field name="code_dian">477</field>
        </record>
        <record id="base.mu" model="res.country">
            <field name="code_dian">485</field>
        </record>
        <record id="base.mr" model="res.country">
            <field name="code_dian">488</field>
        </record>
        <record id="base.mx" model="res.country">
            <field name="code_dian">493</field>
        </record>
        <record id="base.fm" model="res.country">
            <field name="code_dian">494</field>
        </record>
        <record id="base.md" model="res.country">
            <field name="code_dian">496</field>
        </record>
        <record id="base.mn" model="res.country">
            <field name="code_dian">497</field>
        </record>
        <record id="base.mc" model="res.country">
            <field name="code_dian">498</field>
        </record>
        <record id="base.ms" model="res.country">
            <field name="code_dian">501</field>
        </record>
        <record id="base.mz" model="res.country">
            <field name="code_dian">505</field>
        </record>
        <record id="base.na" model="res.country">
            <field name="code_dian">507</field>
        </record>
        <record id="base.nr" model="res.country">
            <field name="code_dian">508</field>
        </record>
        <record id="base.cx" model="res.country">
            <field name="code_dian">511</field>
        </record>
        <record id="base.np" model="res.country">
            <field name="code_dian">517</field>
        </record>
        <record id="base.ni" model="res.country">
            <field name="code_dian">521</field>
        </record>
        <record id="base.ne" model="res.country">
            <field name="code_dian">525</field>
        </record>
        <record id="base.ng" model="res.country">
            <field name="code_dian">528</field>
        </record>
        <record id="base.nu" model="res.country">
            <field name="code_dian">531</field>
        </record>
        <record id="base.nf" model="res.country">
            <field name="code_dian">535</field>
        </record>
        <record id="base.no" model="res.country">
            <field name="code_dian">538</field>
        </record>
        <record id="base.nc" model="res.country">
            <field name="code_dian">542</field>
        </record>
        <record id="base.pg" model="res.country">
            <field name="code_dian">545</field>
        </record>
        <record id="base.nz" model="res.country">
            <field name="code_dian">548</field>
        </record>
        <record id="base.vu" model="res.country">
            <field name="code_dian">551</field>
        </record>
        <record id="base.om" model="res.country">
            <field name="code_dian">556</field>
        </record>
        <record id="base.um" model="res.country">
            <field name="code_dian">566</field>
        </record>
        <record id="base.nl" model="res.country">
            <field name="code_dian">573</field>
        </record>
        <record id="base.pk" model="res.country">
            <field name="code_dian">576</field>
        </record>
        <record id="base.pw" model="res.country">
            <field name="code_dian">578</field>
        </record>
        <record id="base.pa" model="res.country">
            <field name="code_dian">580</field>
        </record>
        <record id="base.py" model="res.country">
            <field name="code_dian">586</field>
        </record>
        <record id="base.pe" model="res.country">
            <field name="code_dian">589</field>
        </record>
        <record id="base.pn" model="res.country">
            <field name="code_dian">593</field>
        </record>
        <record id="base.pf" model="res.country">
            <field name="code_dian">599</field>
        </record>
        <record id="base.pl" model="res.country">
            <field name="code_dian">603</field>
        </record>
        <record id="base.pt" model="res.country">
            <field name="code_dian">607</field>
        </record>
        <record id="base.pr" model="res.country">
            <field name="code_dian">611</field>
        </record>
        <record id="base.qa" model="res.country">
            <field name="code_dian">618</field>
        </record>
        <record id="base.uk" model="res.country">
            <field name="code_dian">628</field>
        </record>
        <record id="base.cf" model="res.country">
            <field name="code_dian">640</field>
        </record>
        <record id="base.cz" model="res.country">
            <field name="code_dian">644</field>
        </record>
        <record id="base.do" model="res.country">
            <field name="code_dian">647</field>
        </record>
        <record id="base.re" model="res.country">
            <field name="code_dian">660</field>
        </record>
        <record id="base.zw" model="res.country">
            <field name="code_dian">665</field>
        </record>
        <record id="base.ro" model="res.country">
            <field name="code_dian">670</field>
        </record>
        <record id="base.rw" model="res.country">
            <field name="code_dian">675</field>
        </record>
        <record id="base.ru" model="res.country">
            <field name="code_dian">676</field>
        </record>
        <record id="base.sb" model="res.country">
            <field name="code_dian">677</field>
        </record>
        <record id="base.eh" model="res.country">
            <field name="code_dian">685</field>
        </record>
        <record id="base.ws" model="res.country">
            <field name="code_dian">687</field>
        </record>
        <record id="base.as" model="res.country">
            <field name="code_dian">690</field>
        </record>
        <record id="base.kn" model="res.country">
            <field name="code_dian">695</field>
        </record>
        <record id="base.sm" model="res.country">
            <field name="code_dian">697</field>
        </record>
        <record id="base.pm" model="res.country">
            <field name="code_dian">700</field>
        </record>
        <record id="base.vc" model="res.country">
            <field name="code_dian">705</field>
        </record>
        <record id="base.sh" model="res.country">
            <field name="code_dian">710</field>
        </record>
        <record id="base.lc" model="res.country">
            <field name="code_dian">715</field>
        </record>
        <record id="base.st" model="res.country">
            <field name="code_dian">720</field>
        </record>
        <record id="base.sn" model="res.country">
            <field name="code_dian">728</field>
        </record>
        <record id="base.sc" model="res.country">
            <field name="code_dian">731</field>
        </record>
        <record id="base.sl" model="res.country">
            <field name="code_dian">735</field>
        </record>
        <record id="base.sg" model="res.country">
            <field name="code_dian">741</field>
        </record>
        <record id="base.sy" model="res.country">
            <field name="code_dian">744</field>
        </record>
        <record id="base.so" model="res.country">
            <field name="code_dian">748</field>
        </record>
        <record id="base.lk" model="res.country">
            <field name="code_dian">750</field>
        </record>
        <record id="base.za" model="res.country">
            <field name="code_dian">756</field>
        </record>
        <record id="base.sd" model="res.country">
            <field name="code_dian">759</field>
        </record>
        <record id="base.se" model="res.country">
            <field name="code_dian">764</field>
        </record>
        <record id="base.ch" model="res.country">
            <field name="code_dian">767</field>
        </record>
        <record id="base.sr" model="res.country">
            <field name="code_dian">770</field>
        </record>
        <record id="base.sz" model="res.country">
            <field name="code_dian">773</field>
        </record>
        <record id="base.tj" model="res.country">
            <field name="code_dian">774</field>
        </record>
        <record id="base.th" model="res.country">
            <field name="code_dian">776</field>
        </record>
        <record id="base.tz" model="res.country">
            <field name="code_dian">780</field>
        </record>
        <record id="base.dj" model="res.country">
            <field name="code_dian">783</field>
        </record>
        <record id="base.io" model="res.country">
            <field name="code_dian">787</field>
        </record>
        <!--<record id="base.tp" model="res.country">-->
            <!--<field name="code_dian">788</field>-->
        <!--</record>-->
        <record id="base.tg" model="res.country">
            <field name="code_dian">800</field>
        </record>
        <record id="base.tk" model="res.country">
            <field name="code_dian">805</field>
        </record>
        <record id="base.to" model="res.country">
            <field name="code_dian">810</field>
        </record>
        <record id="base.tt" model="res.country">
            <field name="code_dian">815</field>
        </record>
        <record id="base.tc" model="res.country">
            <field name="code_dian">823</field>
        </record>
        <record id="base.tm" model="res.country">
            <field name="code_dian">825</field>
        </record>
        <record id="base.tr" model="res.country">
            <field name="code_dian">827</field>
        </record>
        <record id="base.tv" model="res.country">
            <field name="code_dian">828</field>
        </record>
        <record id="base.ua" model="res.country">
            <field name="code_dian">830</field>
        </record>
        <record id="base.ug" model="res.country">
            <field name="code_dian">833</field>
        </record>
        <record id="base.uy" model="res.country">
            <field name="code_dian">845</field>
        </record>
        <record id="base.uz" model="res.country">
            <field name="code_dian">847</field>
        </record>
        <record id="base.ve" model="res.country">
            <field name="code_dian">850</field>
        </record>
        <record id="base.vn" model="res.country">
            <field name="code_dian">855</field>
        </record>
        <record id="base.vg" model="res.country">
            <field name="code_dian">863</field>
        </record>
        <record id="base.vi" model="res.country">
            <field name="code_dian">866</field>
        </record>
        <record id="base.fj" model="res.country">
            <field name="code_dian">870</field>
        </record>
        <record id="base.wf" model="res.country">
            <field name="code_dian">875</field>
        </record>
        <record id="base.ye" model="res.country">
            <field name="code_dian">880</field>
        </record>
        <!--<record id="base.yu" model="res.country">-->
            <!--<field name="code_dian">885</field>-->
        <!--</record>-->
        <!--<record id="base.zr" model="res.country">-->
            <!--<field name="code_dian">888</field>-->
        <!--</record>-->
        <record id="base.zm" model="res.country">
            <field name="code_dian">890</field>
        </record>
        <record id="base.ps" model="res.country">
            <field name="code_dian">897</field>
        </record>
        <!--<record id="base.nt" model="res.country">-->
            <!--<field name="code_dian">897</field>-->
        <!--</record>-->
    </data>
</odoo>