<?xml version="1.0" encoding="UTF-8" ?>
<templates id="template" xml:space="preserve">
    <t t-name="ReceiptHeader" t-inherit="point_of_sale.ReceiptHeader" t-inherit-mode="extension">
        <xpath expr="//div[hasclass('pos-receipt-contact')]" position="inside">
            <t t-set="partner" t-value="props.data.partner"/>
                <div>Cliente: <t t-esc="partner.name" /></div>
                <div t-if="partner.vat"><t t-esc="props.data.company.country?.vat_label || 'Tax ID'"/>: <t t-esc="partner.vat" /></div>
        </xpath>
    </t>
</templates>