<?xml version="1.0" encoding="UTF-8"?>
<templates id="template" xml:space="preserve">
    <t t-name="mp_stock_no_negative_pos.ProductCard" t-inherit="point_of_sale.ProductCard" t-inherit-mode="extension">       

        <xpath expr="//div[hasclass('product-img')]" position="after">            
               <div>
               <span t-attf-class="quantity-count {{props.qty_available lte minimumStock ? 'warn' : 'normal'}}">
                    <t t-esc="props.qty_available"/>
                </span>
               </div>             
        </xpath>

        <xpath expr="//div[hasclass('product-content')]" position="attributes">
            <attribute name="class" add=" mt-2" separator=" " />
        </xpath>

    </t>
</templates>