<?xml version="1.0" encoding="utf-8"?>
<odoo>
    <data>
        <record id="account_payment_mean_code_001" model="account.payment.mean.code">
            <field name="name">Instrument not defined</field>
            <field name="code">1</field>
        </record>
        <record id="account_payment_mean_code_002" model="account.payment.mean.code">
            <field name="name">ACH Credit</field>
            <field name="code">2</field>
        </record>
        <record id="account_payment_mean_code_003" model="account.payment.mean.code">
            <field name="name">ACH debit</field>
            <field name="code">3</field>
        </record>
        <record id="account_payment_mean_code_004" model="account.payment.mean.code">
            <field name="name">ACH Demand Debit Reversal</field>
            <field name="code">4</field>
        </record>
        <record id="account_payment_mean_code_005" model="account.payment.mean.code">
            <field name="name">ACH Demand Credit Reversal</field>
            <field name="code">5</field>
        </record>
        <record id="account_payment_mean_code_006" model="account.payment.mean.code">
            <field name="name">ACH Demand Credit</field>
            <field name="code">6</field>
        </record>
        <record id="account_payment_mean_code_007" model="account.payment.mean.code">
            <field name="name">ACH Demand Debit</field>
            <field name="code">7</field>
        </record>
        <record id="account_payment_mean_code_008" model="account.payment.mean.code">
            <field name="name">Keep</field>
            <field name="code">8</field>
        </record>
        <record id="account_payment_mean_code_009" model="account.payment.mean.code">
            <field name="name">National or Regional Clearing</field>
            <field name="code">9</field>
        </record>
        <record id="account_payment_mean_code_010" model="account.payment.mean.code">
            <field name="name">Cash</field>
            <field name="code">10</field>
        </record>
        <record id="account_payment_mean_code_011" model="account.payment.mean.code">
            <field name="name">Credit Credit Reversal</field>
            <field name="code">11</field>
        </record>
        <record id="account_payment_mean_code_012" model="account.payment.mean.code">
            <field name="name">Reversal Debit Savings</field>
            <field name="code">12</field>
        </record>
        <record id="account_payment_mean_code_013" model="account.payment.mean.code">
            <field name="name">Savings Credit</field>
            <field name="code">13</field>
        </record>
        <record id="account_payment_mean_code_014" model="account.payment.mean.code">
            <field name="name">Savings Debit</field>
            <field name="code">14</field>
        </record>
        <record id="account_payment_mean_code_015" model="account.payment.mean.code">
            <field name="name">Bookentry Credit</field>
            <field name="code">15</field>
        </record>
        <record id="account_payment_mean_code_016" model="account.payment.mean.code">
            <field name="name">Bookentry Debit</field>
            <field name="code">16</field>
        </record>
        <record id="account_payment_mean_code_017" model="account.payment.mean.code">
            <field name="name">Cash demand concentration / Credit Disbursement (CCD)</field>
            <field name="code">17</field>
        </record>
        <record id="account_payment_mean_code_018" model="account.payment.mean.code">
            <field name="name">Cash demand concentration / Disbursement (CCD) debit</field>
            <field name="code">18</field>
        </record>
        <record id="account_payment_mean_code_019" model="account.payment.mean.code">
            <field name="name">Corporate business Payment Credit (CTP)</field>
            <field name="code">19</field>
        </record>
        <record id="account_payment_mean_code_020" model="account.payment.mean.code">
            <field name="name">Check</field>
            <field name="code">20</field>
        </record>
        <record id="account_payment_mean_code_021" model="account.payment.mean.code">
            <field name="name">Banking project</field>
            <field name="code">21</field>
        </record>
        <record id="account_payment_mean_code_022" model="account.payment.mean.code">
            <field name="name">Certified banking project</field>
            <field name="code">22</field>
        </record>
        <record id="account_payment_mean_code_023" model="account.payment.mean.code">
            <field name="name">Bank check</field>
            <field name="code">23</field>
        </record>
        <record id="account_payment_mean_code_024" model="account.payment.mean.code">
            <field name="name">Note would change waiting for acceptance</field>
            <field name="code">24</field>
        </record>
        <record id="account_payment_mean_code_025" model="account.payment.mean.code">
            <field name="name">Certified check</field>
            <field name="code">25</field>
        </record>
        <record id="account_payment_mean_code_026" model="account.payment.mean.code">
            <field name="name">Local Check</field>
            <field name="code">26</field>
        </record>
        <record id="account_payment_mean_code_027" model="account.payment.mean.code">
            <field name="name">Debit Corporate Business Payment (CTP)</field>
            <field name="code">27</field>
        </record>
        <record id="account_payment_mean_code_028" model="account.payment.mean.code">
            <field name="name">Credit Corporate Exchange Business (CTX)</field>
            <field name="code">28</field>
        </record>
        <record id="account_payment_mean_code_029" model="account.payment.mean.code">
            <field name="name">Debit Corporate Exchange Business (CTX)</field>
            <field name="code">29</field>
        </record>
        <record id="account_payment_mean_code_030" model="account.payment.mean.code">
            <field name="name">Credit Transfer</field>
            <field name="code">30</field>
        </record>
        <record id="account_payment_mean_code_031" model="account.payment.mean.code">
            <field name="name">Debit Transfer</field>
            <field name="code">31</field>
        </record>
        <record id="account_payment_mean_code_032" model="account.payment.mean.code">
            <field name="name">Cash Concentration / Credit Disbursement plus (CCD+)</field>
            <field name="code">32</field>
        </record>
        <record id="account_payment_mean_code_033" model="account.payment.mean.code">
            <field name="name">Cash Concentration / Debit Disbursement plus (CCD+)</field>
            <field name="code">33</field>
        </record>
        <record id="account_payment_mean_code_034" model="account.payment.mean.code">
            <field name="name">Payment and pre-agreed deposit (PPD)</field>
            <field name="code">34</field>
        </record>
        <record id="account_payment_mean_code_035" model="account.payment.mean.code">
            <field name="name">Cash concentration savings / Credit Disbursement (CCD)</field>
            <field name="code">35</field>
        </record>
        <record id="account_payment_mean_code_036" model="account.payment.mean.code">
            <field name="name">Cash concentration savings / Debit Disbursement (CCD)</field>
            <field name="code">36</field>
        </record>
        <record id="account_payment_mean_code_037" model="account.payment.mean.code">
            <field name="name">Payment Corporate Business Savings Credit (CTP)</field>
            <field name="code">37</field>
        </record>
        <record id="account_payment_mean_code_038" model="account.payment.mean.code">
            <field name="name">Corporate Business Payment Savings Debit (CTP)</field>
            <field name="code">38</field>
        </record>
        <record id="account_payment_mean_code_039" model="account.payment.mean.code">
            <field name="name">Credit Corporate Exchange Business (CTX)</field>
            <field name="code">39</field>
        </record>
        <record id="account_payment_mean_code_040" model="account.payment.mean.code">
            <field name="name">Debit Corporate Exchange Business (CTX)</field>
            <field name="code">40</field>
        </record>
        <record id="account_payment_mean_code_041" model="account.payment.mean.code">
            <field name="name">Cash concentration / Credit Disbursement plus (CCD+)</field>
            <field name="code">41</field>
        </record>
        <record id="account_payment_mean_code_042" model="account.payment.mean.code">
            <field name="name">Bank deposit</field>
            <field name="code">42</field>
        </record>
        <record id="account_payment_mean_code_043" model="account.payment.mean.code">
            <field name="name">Cash concentration / Debit Disbursement plus (CCD+)</field>
            <field name="code">43</field>
        </record>
        <record id="account_payment_mean_code_044" model="account.payment.mean.code">
            <field name="name">Note would change</field>
            <field name="code">44</field>
        </record>
        <record id="account_payment_mean_code_045" model="account.payment.mean.code">
            <field name="name">Banking Credit Transfer</field>
            <field name="code">45</field>
        </record>
        <record id="account_payment_mean_code_046" model="account.payment.mean.code">
            <field name="name">Interbanking Credit Transfer</field>
            <field name="code">46</field>
        </record>
        <record id="account_payment_mean_code_047" model="account.payment.mean.code">
            <field name="name">Banking Debit Transfer</field>
            <field name="code">47</field>
        </record>
        <record id="account_payment_mean_code_048" model="account.payment.mean.code">
            <field name="name">Credit Card</field>
            <field name="code">48</field>
        </record>
        <record id="account_payment_mean_code_049" model="account.payment.mean.code">
            <field name="name">Debit Card</field>
            <field name="code">49</field>
        </record>
        <record id="account_payment_mean_code_050" model="account.payment.mean.code">
            <field name="name">Post-twist</field>
            <field name="code">50</field>
        </record>
        <record id="account_payment_mean_code_051" model="account.payment.mean.code">
            <field name="name">French banking standard telex</field>
            <field name="code">51</field>
        </record>
        <record id="account_payment_mean_code_052" model="account.payment.mean.code">
            <field name="name">Urgent business payment</field>
            <field name="code">52</field>
        </record>
        <record id="account_payment_mean_code_053" model="account.payment.mean.code">
            <field name="name">Urgent Treasury Payment</field>
            <field name="code">53</field>
        </record>
        <record id="account_payment_mean_code_060" model="account.payment.mean.code">
            <field name="name">Promissory note</field>
            <field name="code">60</field>
        </record>
        <record id="account_payment_mean_code_061" model="account.payment.mean.code">
            <field name="name">Promissory note signed by the creditor</field>
            <field name="code">61</field>
        </record>
        <record id="account_payment_mean_code_062" model="account.payment.mean.code">
            <field name="name">Promissory note signed by the creditor, endorsed by the bank</field>
            <field name="code">62</field>
        </record>
        <record id="account_payment_mean_code_063" model="account.payment.mean.code">
            <field name="name">Promissory note signed by the creditor, endorsed by a third party</field>
            <field name="code">63</field>
        </record>
        <record id="account_payment_mean_code_064" model="account.payment.mean.code">
            <field name="name">Promissory note signed by the bank</field>
            <field name="code">64</field>
        </record>
        <record id="account_payment_mean_code_065" model="account.payment.mean.code">
            <field name="name">Promissory note signed by a bank endorsed by another bank</field>
            <field name="code">65</field>
        </record>
        <record id="account_payment_mean_code_066" model="account.payment.mean.code">
            <field name="name">Signed promissory note</field>
            <field name="code">66</field>
        </record>
        <record id="account_payment_mean_code_067" model="account.payment.mean.code">
            <field name="name">Promissory note signed by a third party endorsed by a bank</field>
            <field name="code">67</field>
        </record>
        <record id="account_payment_mean_code_070" model="account.payment.mean.code">
            <field name="name">Retirement of note by the creditor</field>
            <field name="code">70</field>
        </record>
        <record id="account_payment_mean_code_071" model="account.payment.mean.code">
            <field name="name">Bonuses</field>
            <field name="code">71</field>
        </record>
        <record id="account_payment_mean_code_072" model="account.payment.mean.code">
            <field name="name">Vouchers</field>
            <field name="code">72</field>
        </record>
        <record id="account_payment_mean_code_074" model="account.payment.mean.code">
            <field name="name">Retirement of note by the creditor about a bank</field>
            <field name="code">74</field>
        </record>
        <record id="account_payment_mean_code_075" model="account.payment.mean.code">
            <field name="name">Retirement of note by the creditor, endorsed by another bank</field>
            <field name="code">75</field>
        </record>
        <record id="account_payment_mean_code_076" model="account.payment.mean.code">
            <field name="name">Retirement of a note by the creditor, about a bank endorsed by a third party</field>
            <field name="code">76</field>
        </record>
        <record id="account_payment_mean_code_077" model="account.payment.mean.code">
            <field name="name">Retirement of a note by the creditor about a third party</field>
            <field name="code">77</field>
        </record>
        <record id="account_payment_mean_code_078" model="account.payment.mean.code">
            <field name="name">Retirement of a note by the creditor about a third party endorsed by a bank</field>
            <field name="code">78</field>
        </record>
        <record id="account_payment_mean_code_091" model="account.payment.mean.code">
            <field name="name">Transferable banking note</field>
            <field name="code">91</field>
        </record>
        <record id="account_payment_mean_code_092" model="account.payment.mean.code">
            <field name="name">Transferable local check</field>
            <field name="code">92</field>
        </record>
        <record id="account_payment_mean_code_093" model="account.payment.mean.code">
            <field name="name">Referenced twist</field>
            <field name="code">93</field>
        </record>
        <record id="account_payment_mean_code_094" model="account.payment.mean.code">
            <field name="name">Urgent twist</field>
            <field name="code">94</field>
        </record>
        <record id="account_payment_mean_code_095" model="account.payment.mean.code">
            <field name="name">Twist Open Format</field>
            <field name="code">95</field>
        </record>
        <record id="account_payment_mean_code_096" model="account.payment.mean.code">
            <field name="name">Payment method requested not used</field>
            <field name="code">96</field>
        </record>
        <record id="account_payment_mean_code_097" model="account.payment.mean.code">
            <field name="name">Clearing between partner</field>
            <field name="code">97</field>
        </record>
        <record id="account_payment_mean_code_000" model="account.payment.mean.code">
            <field name="name">Mutual agreement</field>
            <field name="code">ZZZ</field>
        </record>
    </data>
</odoo>