<?xml version="1.0" encoding="UTF-8"?>
<templates id="template" xml:space="preserve">
    <t t-name="mp_l10n_field_pos.PartnerDetailsEdit_field_pos" t-inherit="point_of_sale.PartnerDetailsEdit" t-inherit-mode="extension">

        <xpath expr="//div[hasclass('partner-details-header')]" position="replace">
            <div class="partner-details-header">
                <div class="row"> 
                    <div class="col-auto">
                        <div class="partner-picture position-relative rounded text-center overflow-hidden">
                            <t t-if="partnerImageUrl">
                                <img class="rounded" t-att-src="partnerImageUrl" alt="Partner" style="width: 64px; height: 64px; object-fit: cover;" />
                            </t>
                            <t t-else="">
                                <i class="fa fa-camera" role="img" aria-label="Picture" title="Picture"></i>
                            </t>
                            <input type="file" class="image-uploader" t-on-change="uploadImage" />
                        </div>
                    </div>
                    <div class="col">
                        <input class="detail partner-name form-control form-control-lg" t-model="changes.name" name="name" placeholder="Name" t-if="changes.person_type == 1" />
                    </div>
                </div>

                <div class="row row-cols-1 row-cols-sm-2 gy-3 mt-3" t-if="changes.person_type == 2">
                    <t t-foreach="['firstname', 'othernames', 'lastname','lastname2']" t-as="item" t-key="item">
                        <div class="partner-details">
                            <div class="partner-detail col">    
                                <label class="form-label label" t-attf-for="{{item}}" t-esc="partnerDianNames[item]"/>
                                <input
                                    class="detail form-control"
                                    t-attf-id="{{item}}"
                                    t-attf-name="{{item}}"
                                    t-model="changes[item]"
                                    t-attf-placeholder="{{partnerDianNames[item]}}"/>
                            </div>
                        </div>
                    </t>
                </div>
            </div>
        </xpath>

        <xpath expr="//div[hasclass('partner-details-box')]/div[hasclass('partner-detail')][1]" position="replace">            
        </xpath> 
        <xpath expr="//div[hasclass('partner-details-box')]" position="before"> 
        <div class=" row row-cols-1 row-cols-sm-2 gy-3 mt-3">
            <div class="partner-detail col mt-3">
                <label class="form-label" for="art">Tipo de Persona</label>
                <select class="detail form-select" name="person_type" id="art"
                    t-model="changes.person_type">
                    <option value="">None</option>
                    <option value='1'> Persona Juridica </option>
                    <option value='2'> Persona Natural</option>                       
                </select>
            </div>   
        </div>                     
        </xpath> 
        <xpath expr="//div[hasclass('partner-details-box')]/div[hasclass('partner-detail')][4]" position="before">   
         <div class="partner-detail col">
                <label class="form-label" for="art">Tipo de Documento</label>
                <select class="detail form-select" name="document_type_id" id="art"
                    t-model="changes.document_type_id">
                    <option value="">None</option>
                    <t t-foreach="pos.document_type_ids" t-as="document_type_id" t-key="document_type_id.id">
                        <option t-att-value="document_type_id.id">
                            <t t-esc="document_type_id.name" />
                        </option>
                    </t>
                </select>
            </div>           
        </xpath> 
        <xpath expr="//div[hasclass('partner-details-box')]" position="inside">
        <div class="partner-detail col">
                    <label class="form-label" for="art">Posición fiscal</label>
                    <select class="detail form-select" name="property_account_position_id" id="art"
                        t-model="changes.property_account_position_id">
                        <option value="">None</option>
                        <t t-foreach="pos.fiscal_position_ids" t-as="property_account_position_id" t-key="property_account_position_id.id">
                            <option t-att-value="property_account_position_id.id">
                                <t t-esc="property_account_position_id.name" />
                            </option>
                        </t>
                    </select>
                </div>                

               
                    <div class="partner-detail col" style="display: none;">                        
                        <input name="es_pos" value="1" t-model="changes.es_pos"> </input>
                    </div>              
           
        </xpath>
        <!-- Se hace el override para poder ocultar el campo de ciudad, ya que esta info se toma
        desde la ubicación completa -->
         <xpath expr="//div[hasclass('partner-details-box')]/t[@t-as='item'][1]" position="replace">
            <t t-foreach="['Street', 'Email', 'Phone', 'Mobile', 'Barcode' ]" t-as="item" t-key="item">
            <div t-attf-class="partner-detail col {{item}}" >
                <t t-set="label" t-value="item"/>
                <t t-if="translate[item]">
                    <t t-set="label" t-value="translate[item]"/>
                </t>
                <label class="form-label label" t-attf-for="{{item}}" t-attf-id="{{item}}" ><t t-esc="label" /> </label>
                <input class="detail form-control" t-attf-id="{{item}}" t-attf-name="{{item}}" t-model="changes[item.toLowerCase()]" t-attf-placeholder="{{label}}" t-att-class="{'border-danger': missingFields.includes(item.toLowerCase())}" />
            </div>
            </t>
                <div class="partner-detail col">
                        <label class="form-label" for="art">Ubicación completa</label>
                        <select class="detail form-select" name="zip_id" id="art" t-model="changes.zip_id">
                            t-model="changes.zip_id" t-att-class="{'border-danger': missingFields.includes('zip_id')}">
                            <option value="">None</option>
                            <t t-foreach="pos.zip_ids" t-as="zip_id" t-key="zip_id.id"  >
                                <option t-att-value="zip_id.id">
                                    <t t-esc="zip_id.display_name" />
                                </option>
                            </t>
                        </select>
                    </div>
            </xpath>
    </t>  
</templates>