<odoo>
    <data noupdate="0">
        <record model="ir.cron" id="l10n_co_e_invoicing.cron_acp_tacita_dian">
            <field name="name">Aceptacion tacita - DIAN</field>
            <field name="model_id" ref="account.model_account_move"/>
            <field eval="True" name="active"/>
            <field name="state">code</field>
            <field name="code">model.tacit_acceptation()</field>
            <field name="interval_number">1</field>
            <field name="numbercall">-1</field>
            <field name="interval_type">hours</field>
        </record>
    </data>
</odoo>
