<?xml version="1.0" encoding="utf-8"?>
<odoo>
    <data>
        <record id="product_scheme_001" model="product.scheme">
            <field name="name">UNSPSC</field>
            <field name="code">001</field>
            <field name="scheme_agency_id">10</field>
        </record>
        <record id="product_scheme_010" model="product.scheme">
            <field name="name">GTIN</field>
            <field name="code">010</field>
            <field name="scheme_agency_id">9</field>
        </record>
        <record id="product_scheme_020" model="product.scheme">
            <field name="name">Partida Arancelarias</field>
            <field name="code">020</field>
            <field name="scheme_agency_id">195</field>
        </record>
        <record id="product_scheme_999" model="product.scheme">
            <field name="name">Estándar de adopción del contribuyente</field>
            <field name="code">999</field>
        </record>
    </data>
</odoo>